Date,Name,Year,Letterboxd URI,Rating,Review,image,poster
2021-02-07,Parasite,2019,https://boxd.it/hTha,5,,https://image.tmdb.org/t/p/w1280/TU9NIjwzjoKPwQHoHshkFcQUCG.jpg,https://image.tmdb.org/t/p/w500/7IiTTgloJzvGI1TAYymCfbfl3vT.jpg
2021-02-07,Joker,2019,https://boxd.it/h4cS,4,,https://image.tmdb.org/t/p/w1280/hO7KbdvGOtDdeg0W4Y5nKEHeDDh.jpg,https://image.tmdb.org/t/p/w500/udDclJoHjfjb8Ekgsd4FDteOkCU.jpg
2021-02-07,Inception,2010,https://boxd.it/1skk,5,,https://image.tmdb.org/t/p/w1280/ii8QGacT3MXESqBckQlyrATY0lT.jpg,https://image.tmdb.org/t/p/w500/xlaY2zyzMfkhk0HSC5VUwzoZPU1.jpg
2021-02-07,Pulp Fiction,1994,https://boxd.it/29Pq,5,,https://image.tmdb.org/t/p/w1280/96hiUXEuYsu4tcnvlaY8tEMFM0m.jpg,https://image.tmdb.org/t/p/w500/vQWk5YBFWF4bZaofAbv0tShwBvQ.jpg
2021-02-07,Once Upon a Time... in Hollywood,2019,https://boxd.it/gH0O,5,,https://image.tmdb.org/t/p/w1280/aQLygZOIKai6aaiBAeeKpIWO5nc.jpg,https://image.tmdb.org/t/p/w500/8j58iEBw9pOXFD2L0nt0ZXeHviB.jpg
2021-02-07,La La Land,2016,https://boxd.it/a5fa,3,,https://image.tmdb.org/t/p/w1280/nlPCdZlHtRNcF6C9hzUH4ebmV1w.jpg,https://image.tmdb.org/t/p/w500/uDO8zWDhfWwoFdKS4fzkUJt0Rf0.jpg
2021-02-07,Fight Club,1999,https://boxd.it/2a9q,5,,https://image.tmdb.org/t/p/w1280/5TiwfWEaPSwD20uwXjCTUqpQX70.jpg,https://image.tmdb.org/t/p/w500/pB8BM7pdSp6B6Ih7QZ4DrQ3PmJK.jpg
2021-02-07,Jojo Rabbit,2019,https://boxd.it/iEBG,4,,https://image.tmdb.org/t/p/w1280/lTyikzfGgRX5ZqIfVeT26APYfRL.jpg,https://image.tmdb.org/t/p/w500/7GsM4mtM0worCtIVeiQt28HieeN.jpg
2021-02-07,Her,2013,https://boxd.it/4O24,4,,https://image.tmdb.org/t/p/w1280/sPPsR9f4K0movWVQ99u4uMqFzEL.jpg,https://image.tmdb.org/t/p/w500/eCOtqtfvn7mxGl6nfmq4b1exJRc.jpg
2021-02-07,Inglourious Basterds,2009,https://boxd.it/1JzG,5,,https://image.tmdb.org/t/p/w1280/hwNtEmmugU5Yd7hpfprNWI0DGIn.jpg,https://image.tmdb.org/t/p/w500/7sfbEnaARXDDhKm0CZ7D7uc2sbo.jpg
2021-02-07,The Shining,1980,https://boxd.it/29Nu,5,,https://image.tmdb.org/t/p/w1280/mmd1HnuvAzFc4iuVJcnBrhDNEKr.jpg,https://image.tmdb.org/t/p/w500/uAR0AWqhQL1hQa69UDEbb2rE5Wx.jpg
2021-02-07,Mad Max: Fury Road,2015,https://boxd.it/2DjO,4,,https://image.tmdb.org/t/p/w1280/l0eIS009XtEO80aC6zjM3o3AkEl.jpg,https://image.tmdb.org/t/p/w500/hA2ple9q4qnwxp3hKVNhroipsir.jpg
2021-02-07,The Wolf of Wall Street,2013,https://boxd.it/3C1m,4,,https://image.tmdb.org/t/p/w1280/7Nwnmyzrtd0FkcRyPqmdzTPppQa.jpg,https://image.tmdb.org/t/p/w500/kW9LmvYHAaS9iA0tHmZVq8hQYoq.jpg
2021-02-07,Moonlight,2016,https://boxd.it/d6bE,4,,https://image.tmdb.org/t/p/w1280/jm1oD3eB08LImSwL1LrzF9AJQ5b.jpg,https://image.tmdb.org/t/p/w500/qLnfEmPrDjJfPyyddLJPkXmshkp.jpg
2021-02-07,Django Unchained,2012,https://boxd.it/2cCk,4.5,,https://image.tmdb.org/t/p/w1280/5Lbm0gpFDRAPIV1Cth6ln9iL1ou.jpg,https://image.tmdb.org/t/p/w500/7oWY8VDWW7thTzWh3OKYRkWUlD5.jpg
2021-02-07,Spirited Away,2001,https://boxd.it/2b4m,4,,https://image.tmdb.org/t/p/w1280/ukfI9QkU1aIhOhKXYWE9n3z1mFR.jpg,https://image.tmdb.org/t/p/w500/39wmItIWsg5sZMyRUHLkWBcuVCM.jpg
2021-02-07,Marriage Story,2019,https://boxd.it/hJAw,4,,https://image.tmdb.org/t/p/w1280/wDwQXLDUuiEaaiuWIDBpbqnwYGX.jpg,https://image.tmdb.org/t/p/w500/2JRyCKaRKyJAVpsIHeLvPw5nHmw.jpg
2021-02-07,The Social Network,2010,https://boxd.it/17ue,4,,https://image.tmdb.org/t/p/w1280/1GlZNA9L5trst3ItgRiyQTUH1uf.jpg,https://image.tmdb.org/t/p/w500/n0ybibhJtQ5icDqTp8eRytcIHJx.jpg
2021-02-07,Man on Wire,2008,https://boxd.it/1ORK,3.5,,https://image.tmdb.org/t/p/w1280/yKEe2nFu4fRYcmVdeAwZxTZvP3g.jpg,https://image.tmdb.org/t/p/w500/1mS4rhIgHZcHIvf1beP9Av0Ui33.jpg
2024-01-09,Dumb Money,2023,https://boxd.it/tNdU,3,,https://image.tmdb.org/t/p/w1280/dTOQaHP4PjDXU2JwDF6UYqGqRT0.jpg,https://image.tmdb.org/t/p/w500/e9u7luSxFKOZgPTB9XHFnPArGdP.jpg
2025-01-09,The Vanishing,1993,https://boxd.it/28pm,4,,https://image.tmdb.org/t/p/w1280/ker1eyGYk5eIIPiveZYGHaW9aZ5.jpg,https://image.tmdb.org/t/p/w500/whCG6TGm3h9AHBkfh5M0MnJ8zT0.jpg
2025-01-09,Waking Life,2001,https://boxd.it/1Zdc,4,,https://image.tmdb.org/t/p/w1280/56MLZww2dMVAaTt5LDKCBu1do2X.jpg,https://image.tmdb.org/t/p/w500/2MRM4PL6H7yraAkwyUEe2EqoQH3.jpg
2025-01-09,The Bridges of Madison County,1995,https://boxd.it/29Os,3.5,,https://image.tmdb.org/t/p/w1280/4TnGcUsyd6ixuLWHaaEG5BGkAIp.jpg,https://image.tmdb.org/t/p/w500/teGMLWvCnJqvtPYCSuUKRM9MvFe.jpg
2025-01-09,Wings of Desire,1987,https://boxd.it/2b26,4,,https://image.tmdb.org/t/p/w1280/7TlGXrB4WQ3wbpOCUQnBXseCuOl.jpg,https://image.tmdb.org/t/p/w500/iZQs2vUeCzvS1KfZJ6uYNCGJBBV.jpg
2025-02-09,Nosferatu,2024,https://boxd.it/f5eG,3.5,,https://image.tmdb.org/t/p/w1280/fYnEbgoNCxW9kL0IgOgtJb9JTBU.jpg,https://image.tmdb.org/t/p/w500/5qGIxdEO841C0tdY8vOdLoRVrr0.jpg
2025-02-09,What Shall I Do With This Sword?,1975,https://boxd.it/5RJi,3.5,,https://image.tmdb.org/t/p/w1280/7XqM7FqbYujygH5XcCPnQUtwC9r.jpg,https://image.tmdb.org/t/p/w500/qTeIzLRkkUFQmr08Rgeu4qJlGjS.jpg
2025-02-09,Come and Go,2003,https://boxd.it/2Vb4,4,,https://image.tmdb.org/t/p/w1280/8ih8k0qWZf9VsyRHJwXyQ4VT87E.jpg,https://image.tmdb.org/t/p/w500/aMqpq42PeYYEdq56IgImPF2wbbt.jpg
2025-02-09,Silvestre,1981,https://boxd.it/2Vp6,3,,https://image.tmdb.org/t/p/w1280/4cZSM6993LOBvncMuQG7FXH5XH0.jpg,https://image.tmdb.org/t/p/w500/d5bEJGhbOUeZoP2NrJ0oCxihBIM.jpg
2025-02-09,Heathers,1989,https://boxd.it/26x4,4,,https://image.tmdb.org/t/p/w1280/5pLaYZGbweHYULiNiRehPxYuUnn.jpg,https://image.tmdb.org/t/p/w500/dGbVfM4WlM7uvIbyRehfPZUIgp2.jpg
2025-02-26,Alice,2005,https://boxd.it/xvg,5,,https://image.tmdb.org/t/p/w1280/ohk6428wop3BzEIalIWlJtltf0v.jpg,https://image.tmdb.org/t/p/w500/eSCyHW9RjimNveu7xU650ostpxv.jpg
2025-02-26,Blood of My Blood,2011,https://boxd.it/2Uzu,4,,https://image.tmdb.org/t/p/w1280/4ml4USbqddEVnRRVr3Wdwh2wOW8.jpg,https://image.tmdb.org/t/p/w500/vLmegmielKMoURFK52L4V8NbRln.jpg
2025-02-26,Saint George,2016,https://boxd.it/eyfw,4,,https://image.tmdb.org/t/p/w1280/5FYJ76O56x4QuSZLnEwuXYGIVrl.jpg,https://image.tmdb.org/t/p/w500/sdKXQmMvbYiXIWNB0qrQ3NLckSI.jpg
2025-02-26,Sara,2018,https://boxd.it/tXhi,4,,https://image.tmdb.org/t/p/w1280/73tdSfOeMW91kdLdKnbxEcWt2gT.jpg,https://image.tmdb.org/t/p/w500/uppKv3dGvMFUJeMAJBzqGVrCjzU.jpg
2025-03-02,Last Night in Soho,2021,https://boxd.it/lbJC,4,,https://image.tmdb.org/t/p/w1280/nPWy5KISy7BbUOQcg588dflKzTL.jpg,https://image.tmdb.org/t/p/w500/n1ZRmjlk1BJTY7aASqACfPAaLn2.jpg
2025-03-02,The Skin I Live In,2011,https://boxd.it/99A,4.5,,https://image.tmdb.org/t/p/w1280/qn8NzshtQmJD7Nm06sAp5yOtexH.jpg,https://image.tmdb.org/t/p/w500/xa7uCwGYykrf8MMI8iF5dZvNlrG.jpg
2025-03-02,Midsommar,2019,https://boxd.it/jhxe,4.5,,https://image.tmdb.org/t/p/w1280/aAM3cQmYGjjLQ24m0F0RWfjKQ57.jpg,https://image.tmdb.org/t/p/w500/7LEI8ulZzO5gy9Ww2NVCrKmHeDZ.jpg
2025-03-02,Black Swan,2010,https://boxd.it/Sw0,4,,https://image.tmdb.org/t/p/w1280/g0geLM1zXpLb9mpqKw1ePcA5bTJ.jpg,https://image.tmdb.org/t/p/w500/viWheBd44bouiLCHgNMvahLThqx.jpg
2025-03-02,Psycho,1960,https://boxd.it/2ab2,4,,https://image.tmdb.org/t/p/w1280/vzXQEAmXIEWAtPCgB81bAS6EJCy.jpg,https://image.tmdb.org/t/p/w500/yz4QVqPx3h1hD1DfqqQkCq3rmxW.jpg
2025-03-02,Antichrist,2009,https://boxd.it/1Inu,4.5,,https://image.tmdb.org/t/p/w1280/utABPVjXBlM8NUOBecCyLLuzQSe.jpg,https://image.tmdb.org/t/p/w500/ge7zbYvpfsDP3luKi0iSpzOgncM.jpg
2025-03-02,Us,2019,https://boxd.it/gnV6,3.5,,https://image.tmdb.org/t/p/w1280/sC0b8iPUHfZdD8kseLiHw3N8gkp.jpg,https://image.tmdb.org/t/p/w500/ux2dU1jQ2ACIMShzB3yP93Udpzc.jpg
2025-03-09,Grand Theft Hamlet,2024,https://boxd.it/KUyE,3.5,,https://image.tmdb.org/t/p/w1280/6QZqB7AjfOaL9WGhu4ZXjGKeRxI.jpg,https://image.tmdb.org/t/p/w500/61pws82KZEssg883HG3kwN16cRw.jpg
2025-03-09,Furiosa: A Mad Max Saga,2024,https://boxd.it/tABk,3,,https://image.tmdb.org/t/p/w1280/wNAhuOZ3Zf84jCIlrcI6JhgmY5q.jpg,https://image.tmdb.org/t/p/w500/iADOJ8Zymht2JPMoy3R7xceZprc.jpg
2025-03-09,The Substance,2024,https://boxd.it/zanS,4,,https://image.tmdb.org/t/p/w1280/9Whl7RAzes0oMaFAeSqD8ttN3fl.jpg,https://image.tmdb.org/t/p/w500/lqoMzCcZYEFK729d6qzt349fB4o.jpg
2025-03-09,The Gorge,2025,https://boxd.it/zRqK,3,,https://image.tmdb.org/t/p/w1280/9nhjGaFLKtddDPtPaX5EmKqsWdH.jpg,https://image.tmdb.org/t/p/w500/7iMBZzVZtG0oBug4TfqDb9ZxAOa.jpg
2025-03-09,The Queen's Gambit,2020,https://boxd.it/s1Ym,4,,https://image.tmdb.org/t/p/w1280/5N5dSOrysuquExvn8Gpp5jMEf6u.jpg,https://image.tmdb.org/t/p/w500/zU0htwkhNvBQdVSIKB9s6hgVeFK.jpg
2025-03-09,2001: A Space Odyssey,1968,https://boxd.it/2bf0,4,,https://image.tmdb.org/t/p/w1280/w5IDXtifKntw0ajv2co7jFlTQDM.jpg,https://image.tmdb.org/t/p/w500/ve72VxNqjGM69Uky4WTo2bK6rfq.jpg
2025-03-09,Schindler's List,1993,https://boxd.it/2aq2,3.5,,https://image.tmdb.org/t/p/w1280/zb6fM1CX41D9rF9hdgclu0peUmy.jpg,https://image.tmdb.org/t/p/w500/sF1U4EUQS8YHUYjNl3pMGNIQyr0.jpg
2025-03-09,GoodFellas,1990,https://boxd.it/29FA,4,,https://image.tmdb.org/t/p/w1280/gILte6Zd7m1YneIr6MVhh30S9pr.jpg,https://image.tmdb.org/t/p/w500/9OkCLM73MIU2CrKZbqiT8Ln1wY2.jpg
2025-03-09,The Virgin Suicides,1999,https://boxd.it/28JG,4,,https://image.tmdb.org/t/p/w1280/6b6UpsOXmjO8mJKYsGTG9HW49CN.jpg,https://image.tmdb.org/t/p/w500/1NCQtXPQnaHRjOZVmktA9BSM35F.jpg
2025-03-09,The Shawshank Redemption,1994,https://boxd.it/2aHi,3.5,,https://image.tmdb.org/t/p/w1280/zfbjgQE1uSd9wiPTX4VzsLi0rGG.jpg,https://image.tmdb.org/t/p/w500/9cqNxx0GxF0bflZmeSMuL5tnGzr.jpg
2025-03-09,Citizen Kane,1941,https://boxd.it/71O,4,,https://image.tmdb.org/t/p/w1280/9Y85oA1y6toL2OACXdaC6iTl7eQ.jpg,https://image.tmdb.org/t/p/w500/sav0jxhqiH0bPr2vZFU0Kjt2nZL.jpg
2025-03-09,The Wizard of Oz,1939,https://boxd.it/29Xu,3,,https://image.tmdb.org/t/p/w1280/g1OvTd1eF346vmx8qsJnjaiooZ6.jpg,https://image.tmdb.org/t/p/w500/uCC3j4pV9eOZwzDUWp2ilbcTf1f.jpg
2025-03-09,Titanic,1997,https://boxd.it/2a2k,3.5,,https://image.tmdb.org/t/p/w1280/xnHVX37XZEp33hhCbYlQFq7ux1J.jpg,https://image.tmdb.org/t/p/w500/9xjZS2rlVxm8SFx8kPC3aIGCOYQ.jpg
2025-03-09,The Elephant Man,1980,https://boxd.it/27LQ,3.5,,https://image.tmdb.org/t/p/w1280/6huSptAsqYg3wbsi1jbMognSgmp.jpg,https://image.tmdb.org/t/p/w500/u0wpPYjuSt8DIe1Y3Vapnh8jcKE.jpg
2025-03-09,Requiem for a Dream,2000,https://boxd.it/29VI,4,,https://image.tmdb.org/t/p/w1280/7tZt3PA948fvSTFx0699YF44Tdt.jpg,https://image.tmdb.org/t/p/w500/nOd6vjEmzCT0k4VYqsA2hwyi87C.jpg
2025-03-09,Finding Nemo,2003,https://boxd.it/72i,3.5,,https://image.tmdb.org/t/p/w1280/eCynaAOgYYiw5yN5lBwz3IxqvaW.jpg,https://image.tmdb.org/t/p/w500/axyrDKJmQpynKOESqxO2wKmhj9n.jpg
2025-03-09,Memento,2000,https://boxd.it/2bcK,4,,https://image.tmdb.org/t/p/w1280/7Wev9JMo6R5XAfz2KDvXb7oPMmy.jpg,https://image.tmdb.org/t/p/w500/fKTPH2WvH8nHTXeBYBVhawtRqtR.jpg
2025-03-09,The Godfather,1972,https://boxd.it/2aNK,4,,https://image.tmdb.org/t/p/w1280/tSPT36ZKlP2WVHJLM4cQPLSzv3b.jpg,https://image.tmdb.org/t/p/w500/3bhkrj58Vtu7enYsRolD1fZdja1.jpg
2025-03-09,The Matrix,1999,https://boxd.it/2a1m,4,,https://image.tmdb.org/t/p/w1280/tlm8UkiQsitc8rSuIAscQDCnP8d.jpg,https://image.tmdb.org/t/p/w500/p96dm7sCMn4VYAStA6siNz30G1r.jpg
2025-03-09,Toy Story,1995,https://boxd.it/29qA,3.5,,https://image.tmdb.org/t/p/w1280/3Rfvhy1Nl6sSGJwyjb0QiZzZYlB.jpg,https://image.tmdb.org/t/p/w500/uXDfjJbdP4ijW5hWSBrPrlKpxab.jpg
2025-03-09,The Lion King,1994,https://boxd.it/201Q,4,,https://image.tmdb.org/t/p/w1280/q00H8EqULYSK74lgevMkhmGGLHn.jpg,https://image.tmdb.org/t/p/w500/sKCr78MXSLixwmZ8DyJLrpMsd15.jpg
2025-03-09,When Harry Met Sally...,1989,https://boxd.it/29W2,3.5,,https://image.tmdb.org/t/p/w1280/i8aIbji5vcPoHwcLBZYQSniGkAI.jpg,https://image.tmdb.org/t/p/w500/rFOiFUhTMtDetqCGClC9PIgnC1P.jpg
2025-03-09,Up,2009,https://boxd.it/1OEc,3.5,,https://image.tmdb.org/t/p/w1280/hGGC9gKo7CFE3fW07RA587e5kol.jpg,https://image.tmdb.org/t/p/w500/mFvoEwSfLqbcWwFsDjQebn9bzFe.jpg
2025-03-09,E.T. the Extra-Terrestrial,1982,https://boxd.it/2a1G,3,,https://image.tmdb.org/t/p/w1280/mXLVA0YL6tcXi6SJSuAh9ONXFj5.jpg,https://image.tmdb.org/t/p/w500/an0nD6uq6byfxXCfk6lQBzdL2J1.jpg
2025-03-09,Seven Samurai,1954,https://boxd.it/2axi,4,,https://image.tmdb.org/t/p/w1280/qvZ91FwMq6O47VViAr8vZNQz3WI.jpg,https://image.tmdb.org/t/p/w500/lOMGc8bnSwQhS4XyE1S99uH8NXf.jpg
2025-03-09,Interstellar,2014,https://boxd.it/4VZ8,3.5,,https://image.tmdb.org/t/p/w1280/5XNQBqnBwPA9yT0jZ0p3s8bbLh0.jpg,https://image.tmdb.org/t/p/w500/gEU2QniE6E77NI6lCU6MxlNBvIx.jpg
2025-03-09,La Haine,1995,https://boxd.it/2as8,4,,https://image.tmdb.org/t/p/w1280/k61xLJgPo7ScxHLLiBzTM9IDaB7.jpg,https://image.tmdb.org/t/p/w500/8rgPyWjYZhsphSSxbXguMnhN7H0.jpg
2025-03-09,Amélie,2001,https://boxd.it/2aUc,3.5,,https://image.tmdb.org/t/p/w1280/6n53UI4mX9QMfe2S0Pgt8mGebY1.jpg,https://image.tmdb.org/t/p/w500/nSxDa3M9aMvGVLoItzWTepQ5h5d.jpg
2025-03-09,Life Is Beautiful,1997,https://boxd.it/29Wm,4,,https://image.tmdb.org/t/p/w1280/6aNKD81RHR1DqUUa8kOZ1TBY1Lp.jpg,https://image.tmdb.org/t/p/w500/mfnkSeeVOBVheuyn2lo4tfmOPQb.jpg
2025-03-09,In the Mood for Love,2000,https://boxd.it/29tE,4,,https://image.tmdb.org/t/p/w1280/ffQFnAUm2Uu4RU0nijpjPRf9TBT.jpg,https://image.tmdb.org/t/p/w500/m8jNwTP13ubYZyh5siVuyT9pZDp.jpg
2025-03-09,Alien,1979,https://boxd.it/2awY,3.5,,https://image.tmdb.org/t/p/w1280/cEobq5QrnOJjO6giDs8q4RxmMKh.jpg,https://image.tmdb.org/t/p/w500/vfrQk5IPloGg1v9Rzbh2Eg3VGyM.jpg
2025-03-09,Vertigo,1958,https://boxd.it/2apI,4,,https://image.tmdb.org/t/p/w1280/rtVwkTqllcmyY4TVOycgVBHppWf.jpg,https://image.tmdb.org/t/p/w500/15uOEfqBNTVtDUT7hGBVCka0rZz.jpg
2025-03-09,Run Lola Run,1998,https://boxd.it/2b8o,4,,https://image.tmdb.org/t/p/w1280/wRcm3iwi4BeMN59U4fjO7u3dOVI.jpg,https://image.tmdb.org/t/p/w500/v0giIi4bTILVhNhJajet3WWY3FA.jpg
2025-03-09,The Grand Budapest Hotel,2014,https://boxd.it/3ZqO,3,,https://image.tmdb.org/t/p/w1280/9udCLTxTFl28RxnK8Q05E154ZGa.jpg,https://image.tmdb.org/t/p/w500/eWdyYQreja6JGCzqHWXpWHDrrPo.jpg
2025-03-09,Midnight in Paris,2011,https://boxd.it/i4a,3,,https://image.tmdb.org/t/p/w1280/gR1LRuvKTzh2AvxGvfoBNNJHPMq.jpg,https://image.tmdb.org/t/p/w500/4wBG5kbfagTQclETblPRRGihk0I.jpg
2025-03-09,Singin' in the Rain,1952,https://boxd.it/29oY,4,,https://image.tmdb.org/t/p/w1280/6qOyw4yfzbzTp5YsCX26C28Do0S.jpg,https://image.tmdb.org/t/p/w500/w03EiJVHP8Un77boQeE7hg9DVdU.jpg
2025-03-09,Once Upon a Time in the West,1968,https://boxd.it/2az4,3,,https://image.tmdb.org/t/p/w1280/aKZ9hDmLJTaGSxWdhxqMTcvXmk4.jpg,https://image.tmdb.org/t/p/w500/qbYgqOczabWNn2XKwgMtVrntD6P.jpg
2025-03-09,Scream,1996,https://boxd.it/24EC,3.5,,https://image.tmdb.org/t/p/w1280/4PPC7fKClu0u7NTbo5xgV4vb5VD.jpg,https://image.tmdb.org/t/p/w500/lr9ZIrmuwVmZhpZuTCW8D9g0ZJe.jpg
2025-03-09,Ratatouille,2007,https://boxd.it/27ww,3,,https://image.tmdb.org/t/p/w1280/xgDj56UWyeWQcxQ44f5A3RTWuSs.jpg,https://image.tmdb.org/t/p/w500/t3vaWRPSf6WjDSamIkKDs1iQWna.jpg
2025-03-09,Se7en,1995,https://boxd.it/29zs,4,,https://image.tmdb.org/t/p/w1280/iwgl8zlrrfvfWp9k9Paj8lvFEvS.jpg,https://image.tmdb.org/t/p/w500/191nKfP0ehp3uIvWqgPbFmI4lv9.jpg
2025-03-09,Eyes Wide Shut,1999,https://boxd.it/2axs,3.5,,https://image.tmdb.org/t/p/w1280/aC6wW62V6b0csr5iUnbOjYAqfhg.jpg,https://image.tmdb.org/t/p/w500/knEIz1eNGl5MQDbrEAVWA7iRqF9.jpg
2025-03-16,La Jetée,1962,https://boxd.it/29Sk,3.5,,https://image.tmdb.org/t/p/w1280/3Z2OhNVU0FhxGZJIq6Gn32UNoKu.jpg,https://image.tmdb.org/t/p/w500/elGidsRHXkk8UyrtLbcMhaptDyp.jpg
2025-03-16,WALL·E,2008,https://boxd.it/1VEo,4.5,,https://image.tmdb.org/t/p/w1280/fK5ssgvtI43z19FoWigdlqgpLRE.jpg,https://image.tmdb.org/t/p/w500/hbhFnRzzg6ZDmm8YAmxBnQpQIPh.jpg
2025-03-16,Everything Everywhere All at Once,2022,https://boxd.it/jUk4,4,,https://image.tmdb.org/t/p/w1280/ss0Os3uWJfQAENILHZUdX8Tt1OC.jpg,https://image.tmdb.org/t/p/w500/u68AjlvlutfEIcpmbYpKcdi09ut.jpg
2025-03-16,Trainspotting,1996,https://boxd.it/29XY,4,,https://image.tmdb.org/t/p/w1280/wUc83y8kXNdRK66o0HU5X8eBri4.jpg,https://image.tmdb.org/t/p/w500/y0HmDV0bZDTtXWHqqYYbT9XoshB.jpg
2025-03-16,Magnolia,1999,https://boxd.it/2aze,3.5,,https://image.tmdb.org/t/p/w1280/mFfyE5DPFDqoes4HIcElHc2a15y.jpg,https://image.tmdb.org/t/p/w500/tpfC325Jk6S38VTe5dDWjWtoyxr.jpg
2025-03-16,A Clockwork Orange,1971,https://boxd.it/2aVE,4,,https://image.tmdb.org/t/p/w1280/nLFxvLokHe3bQmrmAfljIfax2jQ.jpg,https://image.tmdb.org/t/p/w500/4sHeTAp65WrSSuc05nRBKddhBxO.jpg
2025-03-16,The Menu,2022,https://boxd.it/lScm,3,,https://image.tmdb.org/t/p/w1280/4vSBj7BYsyuKCx96EJzGyp20WfY.jpg,https://image.tmdb.org/t/p/w500/fPtUgMcLIboqlTlPrq0bQpKK8eq.jpg
2025-03-16,Oldboy,2003,https://boxd.it/29R2,4,,https://image.tmdb.org/t/p/w1280/sdwjQEM869JFwMytTmvr6ggvaUl.jpg,https://image.tmdb.org/t/p/w500/pWDtjs568ZfOTMbURQBYuT4Qxka.jpg
2025-03-16,Climax,2018,https://boxd.it/ikvo,4,,https://image.tmdb.org/t/p/w1280/v0sblc9A8eaE8EqDQ5Y6fELj4oB.jpg,https://image.tmdb.org/t/p/w500/47IXH2iEWwX0F7vIyGXaKQ0psBG.jpg
2025-03-16,No Country for Old Men,2007,https://boxd.it/21ew,4,,https://image.tmdb.org/t/p/w1280/n7LXYfhGS89ZRMj8YaB9vRtQTpu.jpg,https://image.tmdb.org/t/p/w500/6d5XOczc226jECq0LIX0siKtgHR.jpg
2025-03-16,Irreversible,2002,https://boxd.it/29as,4,,https://image.tmdb.org/t/p/w1280/xV1EfNSEg6id6juJPr1vM6p9x5X.jpg,https://image.tmdb.org/t/p/w500/rxeDxo8FvZpLu6iplNpxdtAVnfu.jpg
2025-03-16,Get Out,2017,https://boxd.it/eOCm,3.5,,https://image.tmdb.org/t/p/w1280/o8dPH0ZSIyyViP6rjRX1djwCUwI.jpg,https://image.tmdb.org/t/p/w500/tFXcEccSQMf3lfhfXKSU9iRBpa3.jpg
2025-03-16,Melancholia,2011,https://boxd.it/bPI,4,,https://image.tmdb.org/t/p/w1280/qzrS5ShZZPsPdhM5ZbcQKG7fwFo.jpg,https://image.tmdb.org/t/p/w500/fMneszMiQuTKY8JUXrGGB5vwqJf.jpg
2025-03-16,127 Hours,2010,https://boxd.it/SLa,3.5,,https://image.tmdb.org/t/p/w1280/viBWzktrBmhzRw4ehmUIrrN4C0z.jpg,https://image.tmdb.org/t/p/w500/h0RMdn0rfl9l5hWXz3tUh6QVkhi.jpg
2025-03-16,Cast Away,2000,https://boxd.it/20i8,3,,https://image.tmdb.org/t/p/w1280/oCFVYPXI4IfhtF3GapU2jkDicDI.jpg,https://image.tmdb.org/t/p/w500/7lLJgKnAicAcR5UEuo8xhSMj18w.jpg
2025-03-16,The Birds,1963,https://boxd.it/2a6m,3.5,,https://image.tmdb.org/t/p/w1280/il5zDHC5sGe3ZHLhVi3tNFZ9Tt5.jpg,https://image.tmdb.org/t/p/w500/eClg8QPg8mwB6INIC4pyR5pAbDr.jpg
2025-03-16,The Platform,2019,https://boxd.it/mUm6,3.5,,https://image.tmdb.org/t/p/w1280/3tkDMNfM2YuIAJlvGO6rfIzAnfG.jpg,https://image.tmdb.org/t/p/w500/iXvQnzy6JCAx1PiQEKXuTY04ZHl.jpg
2025-03-16,The Experiment,2010,https://boxd.it/Uc2,4,,https://image.tmdb.org/t/p/w1280/dKJM7ASnbe2owv92S4OwtqBG8wl.jpg,https://image.tmdb.org/t/p/w500/zy6hJYii2PJfMRoUBlULhfuLsgL.jpg
2025-03-16,Blindness,2008,https://boxd.it/20lc,3,,https://image.tmdb.org/t/p/w1280/sN0czEtCT1jEFQVajWBsKwdFBKm.jpg,https://image.tmdb.org/t/p/w500/deBsx5IxyqCC217j3VY24TkkE0Z.jpg
2025-03-16,Squid Game,2021,https://boxd.it/x1OG,3.5,,https://image.tmdb.org/t/p/w1280/2meX1nMdScFOoV4370rqHWKmXhY.jpg,https://image.tmdb.org/t/p/w500/1QdXdRYfktUSONkl1oD5gc6Be0s.jpg
2025-03-16,The Butterfly Effect,2004,https://boxd.it/27M0,4,,https://image.tmdb.org/t/p/w1280/yriYPLqyFqPW0QXaegT1KmWXk9a.jpg,https://image.tmdb.org/t/p/w500/ea5iv7TWMh18fOKoRGgmtcg85Gx.jpg
2025-03-17,The Box,2009,https://boxd.it/1zZO,1,,https://image.tmdb.org/t/p/w1280/kjVhc1Ba9dFhgsdzQLGKrUbfe1q.jpg,https://image.tmdb.org/t/p/w500/xMAmOu6xl4CsstixcuecBle9krd.jpg
2025-03-17,Bird Box,2018,https://boxd.it/eh1i,2,,https://image.tmdb.org/t/p/w1280/pDKFL1zcHzEpmz4MJA5JJnRbJeD.jpg,https://image.tmdb.org/t/p/w500/rGfGfgL2pEPCfhIvqHXieXFn7gp.jpg
2025-03-17,Cube,1997,https://boxd.it/2aoU,3.5,,https://image.tmdb.org/t/p/w1280/3TimUBrXMVblpnTsyg4HssGVbBv.jpg,https://image.tmdb.org/t/p/w500/x4BTjxdrOKC27FcSkBh8KPEgnum.jpg
2025-03-17,The Hunger Games,2012,https://boxd.it/2uds,2,,https://image.tmdb.org/t/p/w1280/3sndNmvdF0R8AeyCmVoNv8LKtNy.jpg,https://image.tmdb.org/t/p/w500/yXCbOiVDCxO71zI7cuwBRXdftq8.jpg
2025-03-17,Snowpiercer,2013,https://boxd.it/3Icg,3.5,,https://image.tmdb.org/t/p/w1280/33dV6HAnXBmwKl640gO3U4auqUN.jpg,https://image.tmdb.org/t/p/w500/kw6YQudA0TMcNmGUGy5XIw7zbnV.jpg
2025-03-17,The Platform 2,2024,https://boxd.it/Gz88,3,,https://image.tmdb.org/t/p/w1280/3m0j3hCS8kMAaP9El6Vy5Lqnyft.jpg,https://image.tmdb.org/t/p/w500/tvIpBg12IIA5Dr9Sjn38ygS1vQp.jpg
2025-03-17,The Hunger Games: The Ballad of Songbirds & Snakes,2023,https://boxd.it/pZCY,0.5,,https://image.tmdb.org/t/p/w1280/8GnWDLn2AhnmkQ7hlQ9NJUYobSS.jpg,https://image.tmdb.org/t/p/w500/lrkOYL5GBTFW9cgs9RlojxAcZZF.jpg
2025-03-17,Anora,2024,https://boxd.it/Egcw,4,,https://image.tmdb.org/t/p/w1280/qvyOfwTC3qdbzkqdXWSSEMHtjBZ.jpg,https://image.tmdb.org/t/p/w500/cgXk2tNYhJZLXdBDO5DidAVzQ82.jpg
2025-03-17,Twin Peaks,1989,https://boxd.it/g8pk,5,,https://image.tmdb.org/t/p/w1280/xqjGKLwLZeujg4fiBTOqhZkoL31.jpg,https://image.tmdb.org/t/p/w500/Apg4fMfr1Wi19Ilu5HXh4nClCv9.jpg
2025-03-17,Mulholland Drive,2001,https://boxd.it/297o,5,,https://image.tmdb.org/t/p/w1280/y1giivdsGLyo1LCvlsL6mLKyTZ7.jpg,https://image.tmdb.org/t/p/w500/x7A59t6ySylr1L7aubOQEA480vM.jpg
2025-03-17,Blue Velvet,1986,https://boxd.it/29BI,4.5,,https://image.tmdb.org/t/p/w1280/12UiL2rS5M80AhS9uiZ633iy4pB.jpg,https://image.tmdb.org/t/p/w500/tzXuURjPzCqtA6eL0Cswq9wzFx0.jpg
2025-03-17,Lost Highway,1997,https://boxd.it/29Wc,5,,https://image.tmdb.org/t/p/w1280/hGnJhGSeyWlerHcLNnD06sbX5wU.jpg,https://image.tmdb.org/t/p/w500/fdTtij6H0sX9AzIjUeynh5zbfm7.jpg
2025-03-17,Twin Peaks: Fire Walk with Me,1992,https://boxd.it/27Qw,4,,https://image.tmdb.org/t/p/w1280/ke4yX2eS5eUC94YTkKgoGWi53TM.jpg,https://image.tmdb.org/t/p/w500/mxsGXqetGnirf99qapYd5MMY1VL.jpg
2025-03-17,Wild at Heart,1990,https://boxd.it/2aii,4,,https://image.tmdb.org/t/p/w1280/6xJ2odkMFmO2LptVUBR8t8wBldQ.jpg,https://image.tmdb.org/t/p/w500/uLUFI5sJIfWrBUWB2Y1dEuyvvVy.jpg
2025-03-17,Twin Peaks: The Return,2017,https://boxd.it/hN9O,4.5,,https://image.tmdb.org/t/p/w1280/5UR2cOrzWoEWYmASIYJHge1gCYR.jpg,https://image.tmdb.org/t/p/w500/frNs2H2x0TQlKvLXbESJXskTb6F.jpg
2025-03-17,Twin Peaks: The Missing Pieces,2014,https://boxd.it/8NH4,4,,https://image.tmdb.org/t/p/w1280/mZr25o5KF6nUjDZaYaoIMWluedu.jpg,https://image.tmdb.org/t/p/w500/pNRUl18FDvszHhvPXB0Pq0YamN1.jpg
2025-03-17,Coffee with Barbie,2011,https://boxd.it/HQx2,5,,https://welcometotwinpeaks.com/wp-content/uploads/david-lynch-tdia-barbie-2015.jpg,
2025-03-17,Mulholland Dr.,1999,https://boxd.it/5Dxs,4.5,,https://cdn.britannica.com/03/255303-050-0B36F6B1/mulholland-drive-film-still.jpg,
2025-03-17,The Fabelmans,2022,https://boxd.it/ugoM,3.5,,https://image.tmdb.org/t/p/w1280/xQyGkQ8ICa4lgifGr3oZjkm3AJ2.jpg,https://image.tmdb.org/t/p/w500/h7llKkqkkJtJrTOaDLuVeUYDQ7I.jpg
2025-03-26,Adolescence,2025,https://boxd.it/TFGw,4,,https://image.tmdb.org/t/p/w1280/l3LJg1N2RpXEW93cIgymspwbAtR.jpg,https://image.tmdb.org/t/p/w500/gyasYg4xhmmVfbsS96x4CCm6a30.jpg
2025-03-26,A Real Pain,2024,https://boxd.it/CjNG,3.5,,https://image.tmdb.org/t/p/w1280/fViElUGfdoZjtnVxvSpJX8TwxY6.jpg,https://image.tmdb.org/t/p/w500/67xRIXm5TxXRT4nV2V4AEJ9yq2d.jpg
2025-04-13,The Remarkable Life of Ibelin,2024,https://boxd.it/Iftk,4,,https://image.tmdb.org/t/p/w1280/sDBY5oI7I5SWSMWRpsTEmSBErfe.jpg,https://image.tmdb.org/t/p/w500/3gk2F3wrPCPzrnUM81tjVcgyWHV.jpg
2025-04-22,Civil War,2024,https://boxd.it/z1jW,3.5,,https://image.tmdb.org/t/p/w1280/en3GU5uGkKaYmSyetHV4csHHiH3.jpg,https://image.tmdb.org/t/p/w500/sh7Rg8Er3tFcN9BpKIPOMvALgZd.jpg
2025-04-29,Leave the World Behind,2023,https://boxd.it/re0i,4,,https://image.tmdb.org/t/p/w1280/5cRw2QHQz5bp7W2KLdSpZoFoTTw.jpg,https://image.tmdb.org/t/p/w500/29rhl1xopxA7JlGVVsf1UHfYPvN.jpg
2025-04-29,How It Ends,2018,https://boxd.it/h2HY,2.5,,https://image.tmdb.org/t/p/w1280/27RtdnNXPVC5SKDLVjmpijFgyx3.jpg,https://image.tmdb.org/t/p/w500/prdFM08mGvVDA6uQxKJh8n8Vek1.jpg
2025-05-03,Force Majeure,2014,https://boxd.it/7UcA,3.5,,https://image.tmdb.org/t/p/w1280/os632o7nbJ2PTdLaJoo5mRJ30LP.jpg,https://image.tmdb.org/t/p/w500/41agNfzepz2DTdgTBX1fX0QclHp.jpg
2025-05-03,An Inconvenient Truth,2006,https://boxd.it/289y,3.5,,https://image.tmdb.org/t/p/w1280/4Nx3XAGPwv5AfdrSq9LFDEACl3T.jpg,https://image.tmdb.org/t/p/w500/zrYT5UHE2UIsofwkv6KK2Tsu5a.jpg
2025-05-03,The Wave,2015,https://boxd.it/baoo,3,,https://image.tmdb.org/t/p/w1280/9W0aXF5HhGilDHloymf7sTCne8z.jpg,https://image.tmdb.org/t/p/w500/nUra0UF9MLlTRZH9LCA8xYvhd6D.jpg
2025-05-03,La Palma,2024,https://boxd.it/RZIy,3,,https://image.tmdb.org/t/p/w1280/kxGVux8xmIGdU8jPs0O1Vdp3nl.jpg,https://image.tmdb.org/t/p/w500/DqISg7obNu1jUvR6xfFk0fLHfo.jpg
2025-05-30,The Beast,2023,https://boxd.it/yqmk,3.5,,https://image.tmdb.org/t/p/w1280/fW4ZCoEZRBqLAJGFQ2g5AdAfPQR.jpg,https://image.tmdb.org/t/p/w500/hUJ0UvQ5tgE2Z9WpfuduVSdiCiU.jpg
2025-06-03,Lilo & Stitch,2025,https://boxd.it/kbUe,2,,https://image.tmdb.org/t/p/w1280/7Zx3wDG5bBtcfk8lcnCWDOLM4Y4.jpg,https://image.tmdb.org/t/p/w500/ckQzKpQJO4ZQDCN5evdpKcfm7Ys.jpg
2025-06-06,Heretic,2024,https://boxd.it/H1lY,3.5,,https://image.tmdb.org/t/p/w1280/ag66gJCiZ06q1GSJuQlhGLi3Udx.jpg,https://image.tmdb.org/t/p/w500/fr96XzlzsONrQrGfdLMiwtQjott.jpg
2025-06-15,Speak No Evil,2024,https://boxd.it/G9f8,3.5,it caught me with the bangles,https://image.tmdb.org/t/p/w1280/1fL2S8LKxCVE9KoPRBXeagmBtex.jpg,https://image.tmdb.org/t/p/w500/dA4N6uWOnEMgbxXwFX7qX7adzs8.jpg
2025-06-16,War of the Worlds,2005,https://boxd.it/2bde,3,,https://image.tmdb.org/t/p/w1280/bInicBgSHfQiWLbnRT5jxw9Grvm.jpg,https://image.tmdb.org/t/p/w500/6Biy7R9LfumYshur3YKhpj56MpB.jpg
2025-06-16,Sanctuary,2022,https://boxd.it/wPKW,2.5,,https://image.tmdb.org/t/p/w1280/uq20mJoPPSzpOYQCxX51DsQLL85.jpg,https://image.tmdb.org/t/p/w500/yGQAZupyZgT2ESbBSMZ9R0OBToo.jpg
2025-07-08,Fall,2022,https://boxd.it/Bf6G,3,NEGAN but poor finale,https://image.tmdb.org/t/p/w1280/hlxduUs8y9icWGMzYCDLcYHEQ2u.jpg,https://image.tmdb.org/t/p/w500/spCAxD99U1A6jsiePFoqdEcY0dG.jpg
2025-07-10,Frozen,2010,https://boxd.it/S8M,2,Boring gore,https://image.tmdb.org/t/p/w1280/vD1yKObsRS2cvpmtuaCaMhr4zxe.jpg,https://image.tmdb.org/t/p/w500/2J3URUnDrIpNvh0uVqINQvr4HhW.jpg
2025-07-10,28 Days Later,2002,https://boxd.it/2aXU,3,,https://image.tmdb.org/t/p/w1280/x085XrfEmU31QeXgMFttmuoGr0Y.jpg,https://image.tmdb.org/t/p/w500/sQckQRt17VaWbo39GIu0TMOiszq.jpg
2025-07-10,The Sixth Sense,1999,https://boxd.it/29Js,4,,https://image.tmdb.org/t/p/w1280/6TjllWT3cGrPFyqDXurVZ3L8bBi.jpg,https://image.tmdb.org/t/p/w500/vOyfUXNFSnaTk7Vk5AjpsKTUWsu.jpg
2025-07-10,Hannibal,2001,https://boxd.it/1XVc,3,,https://image.tmdb.org/t/p/w1280/1eMvglbY3wpl4nl09eYLtfstV2I.jpg,https://image.tmdb.org/t/p/w500/v5wAZwRqpGWmyAaaJ8BBHYuNXnj.jpg
2025-07-10,American Psycho,2000,https://boxd.it/28Vs,3,,https://image.tmdb.org/t/p/w1280/alWtP7JwoanQyqXzg3PCbEFrfwS.jpg,https://image.tmdb.org/t/p/w500/9uGHEgsiUXjCNq8wdq4r49YL8A1.jpg
2025-07-10,Natural Born Killers,1994,https://boxd.it/2aNg,4,,https://image.tmdb.org/t/p/w1280/k3TOt50cHvTLXWYPnXP0szhiXB8.jpg,https://image.tmdb.org/t/p/w500/fEKZwT91gxvkAoyPgpNXo8W5fu0.jpg
2025-07-10,Shutter Island,2010,https://boxd.it/1U82,3.5,,https://image.tmdb.org/t/p/w1280/8xt8AMb1OKC63AdhNSaYBWxB4Iq.jpg,https://image.tmdb.org/t/p/w500/nrmXQ0zcZUL8jFLrakWc90IR8z9.jpg
2025-07-10,Hard Candy,2005,https://boxd.it/26vs,3,,https://image.tmdb.org/t/p/w1280/9uYq1A9mx4wvQ8J6OF8BXUntciQ.jpg,https://image.tmdb.org/t/p/w500/uHTmlcivbPeclEdmtuQg3zOQWPS.jpg
2025-07-10,The Silence of the Lambs,1991,https://boxd.it/2aHW,4,,https://image.tmdb.org/t/p/w1280/aYcnDyLMnpKce1FOYUpZrXtgUye.jpg,https://image.tmdb.org/t/p/w500/uS9m8OBk1A8eM9I042bx8XXpqAq.jpg
2025-07-10,Nope,2022,https://boxd.it/sDCe,3.5,,https://image.tmdb.org/t/p/w1280/yRutvYkM3OP8N9oqqfjSK1VC7fs.jpg,https://image.tmdb.org/t/p/w500/AcKVlWaNVVVFQwro3nLXqPljcYA.jpg
2025-07-10,Drive,2011,https://boxd.it/IG,3.5,,https://image.tmdb.org/t/p/w1280/iymDDg4upZWgpbSeiE1JCjsSPBs.jpg,https://image.tmdb.org/t/p/w500/602vevIURmpDfzbnv5Ubi6wIkQm.jpg
2025-07-10,Reservoir Dogs,1992,https://boxd.it/2agc,4,,https://image.tmdb.org/t/p/w1280/eohMDv8x1XRSkPdjWv5xsFct4Dj.jpg,https://image.tmdb.org/t/p/w500/xi8Iu6qyTfyZVDVy60raIOYJJmk.jpg
2025-07-10,Rosemary's Baby,1968,https://boxd.it/29zM,3.5,,https://image.tmdb.org/t/p/w1280/qszuXKhzYR24oRpsmh7eZaPbvL8.jpg,https://image.tmdb.org/t/p/w500/uYgvlHceRFjAFbsNeMInYcLZLUb.jpg
2025-07-11,Shaun of the Dead,2004,https://boxd.it/29J8,3.5,,https://image.tmdb.org/t/p/w1280/wb34q3VgzHgL8frVMywrN3wXmqx.jpg,https://image.tmdb.org/t/p/w500/dgXPhzNJH8HFTBjXPB177yNx6RI.jpg
2025-07-10,I Am Legend,2007,https://boxd.it/21DG,3.5,do not watch the alternate finale,https://image.tmdb.org/t/p/w1280/aTLq0TMKdsmIy1ZyFM1LfPs326d.jpg,https://image.tmdb.org/t/p/w500/iPDkaSdKk2jRLTM65UOEoKtsIZ8.jpg
2025-07-11,Baby Driver,2017,https://boxd.it/bhF2,3.5,,https://image.tmdb.org/t/p/w1280/oVD3ClJBoomSQHtnJPAlMfes8YD.jpg,https://image.tmdb.org/t/p/w500/tYzFuYXmT8LOYASlFCkaPiAFAl0.jpg
2025-07-11,Children of Men,2006,https://boxd.it/1Y2i,3.5,,https://image.tmdb.org/t/p/w1280/gFGLwUBhVrq0bq4j9DU08xQDRU2.jpg,https://image.tmdb.org/t/p/w500/lQcXgb0fFzffnLV5WY0Q0X2WW7E.jpg
2025-07-11,Eternal Sunshine of the Spotless Mind,2004,https://boxd.it/6YK,4,,https://image.tmdb.org/t/p/w1280/744ybMaYRry1IQKoDakMc4GEU4L.jpg,https://image.tmdb.org/t/p/w500/5MwkWH9tYHv3mV9OdYTMR5qreIz.jpg
2025-07-11,City of God,2002,https://boxd.it/2a2a,4,,https://image.tmdb.org/t/p/w1280/uvitbjFU4JqvMwIkMWHp69bmUzG.jpg,https://image.tmdb.org/t/p/w500/k7eYdWvhYQyRQoU2TB2A2Xu2TfD.jpg
2025-07-11,Casablanca,1942,https://boxd.it/2aG0,4,,https://image.tmdb.org/t/p/w1280/87wqeMeUeMRLjsE1IWNKJcPlpuC.jpg,https://image.tmdb.org/t/p/w500/lGCEKlJo2CnWydQj7aamY7s1S7Q.jpg
2025-07-11,Kung Fu Panda,2008,https://boxd.it/1Yws,3,,https://image.tmdb.org/t/p/w1280/qdthf9WrRDSaIkGVQGhhJ9pz1hn.jpg,https://image.tmdb.org/t/p/w500/wWt4JYXTg5Wr3xBW2phBrMKgp3x.jpg
2025-07-11,Before Sunrise,1995,https://boxd.it/2bcU,4,,https://image.tmdb.org/t/p/w1280/qA2TyqPldTtoTVY3LKrNIG5g6bH.jpg,https://image.tmdb.org/t/p/w500/kf1Jb1c2JAOqjuzA3H4oDM263uB.jpg
2025-07-11,"Paris, Texas",1984,https://boxd.it/29Ts,4,,https://image.tmdb.org/t/p/w1280/fWrq3u16gaBJ6nYNWcR3XaOhQPq.jpg,https://image.tmdb.org/t/p/w500/sP27Qm4THyRZyHjHYMfIDtJP6YE.jpg
2025-07-11,The Exorcist,1973,https://boxd.it/1Yoo,4,,https://image.tmdb.org/t/p/w1280/xcjJ5khg2yzOa282mza39Lbrm7j.jpg,https://image.tmdb.org/t/p/w500/5x0CeVHJI8tcDx8tUUwYHQSNILq.jpg
2025-07-11,Home Alone,1990,https://boxd.it/29Fg,3.5,,https://image.tmdb.org/t/p/w1280/ih2xVgeMS8R5WUetYE8Mr9hVTlB.jpg,https://image.tmdb.org/t/p/w500/i5We88HdO9Nsrv8xLyo4toNsLUM.jpg
2025-07-11,Shrek,2001,https://boxd.it/29zi,3,,https://image.tmdb.org/t/p/w1280/sRvXNDItGlWCqtO3j6wks52FmbD.jpg,https://image.tmdb.org/t/p/w500/iB64vpL3dIObOtMZgX3RqdVdQDc.jpg
2025-07-11,The Tree of Life,2011,https://boxd.it/1Zu8,3.5,,https://image.tmdb.org/t/p/w1280/xq1HIwZq9VbuvMQELAua1nqEkH.jpg,https://image.tmdb.org/t/p/w500/l8cwuB5WJSoj4uMAsnzuHBOMaSJ.jpg
2025-07-11,Jurassic Park,1993,https://boxd.it/2aA2,4,,https://image.tmdb.org/t/p/w1280/alqZDg4DXBpNCVTzRPXe5zkkAXX.jpg,https://image.tmdb.org/t/p/w500/maFjKnJ62hDQ9E66dKqDZgbUy0H.jpg
2025-07-11,One Flew Over the Cuckoo's Nest,1975,https://boxd.it/2aeA,4,,https://image.tmdb.org/t/p/w1280/6Oa3zTiluBz2W8D2ou1MY16dUiF.jpg,https://image.tmdb.org/t/p/w500/kjWsMh72V6d8KRLV4EOoSJLT1H7.jpg
2025-07-11,Saving Private Ryan,1998,https://boxd.it/29ro,3.5,,https://image.tmdb.org/t/p/w1280/rW2xRFlJRbTnBJlQTSjQmjevIwb.jpg,https://image.tmdb.org/t/p/w500/uqx37cS8cpHg8U35f9U5IBlrCV3.jpg
2025-07-11,My Neighbor Totoro,1988,https://boxd.it/20eA,4.5,,https://image.tmdb.org/t/p/w1280/6O1mOoTXuc1WqjKd2R7MFQHZ7Eb.jpg,https://image.tmdb.org/t/p/w500/rtGDOeG9LzoerkDGZF9dnVeLppL.jpg
2025-07-11,Harry Potter and the Philosopher's Stone,2001,https://boxd.it/29QS,3.5,,https://image.tmdb.org/t/p/w1280/1XAC6RPT01UX9EQGy2JVn5c8pgy.jpg,https://image.tmdb.org/t/p/w500/wuMc08IPKEatf9rnMNXvIDxqP4W.jpg
2025-07-11,American Beauty,1999,https://boxd.it/71Y,4,,https://image.tmdb.org/t/p/w1280/2ndw55F40IkALzWyjCCza3M6nqM.jpg,https://image.tmdb.org/t/p/w500/wby9315QzVKdW9BonAefg8jGTTb.jpg
2025-07-11,Kill Bill: Vol. 1,2003,https://boxd.it/70w,4,,https://image.tmdb.org/t/p/w1280/iffzIhuLAO38Po6sh1s6ZEVwlNL.jpg,https://image.tmdb.org/t/p/w500/v7TaX8kXMXs5yFFGR41guUDNcnB.jpg
2025-07-11,Chungking Express,1994,https://boxd.it/1UDa,4,,https://image.tmdb.org/t/p/w1280/vuglA60RqvpHK9rIcG8sXaiWw1L.jpg,https://image.tmdb.org/t/p/w500/43I9DcNoCzpyzK8JCkJYpHqHqGG.jpg
2025-07-11,Memories of Murder,2003,https://boxd.it/1TSo,4,,https://image.tmdb.org/t/p/w1280/6Kn6qW3an3DkPl3MahWemTzrjCt.jpg,https://image.tmdb.org/t/p/w500/jcgUjx1QcupGzjntTVlnQ15lHqy.jpg
2025-07-11,The Big Lebowski,1998,https://boxd.it/2b6C,4,,https://image.tmdb.org/t/p/w1280/hXsy4XCCHrUk81XoRhcooyWejao.jpg,https://image.tmdb.org/t/p/w500/9mprbw31MGdd66LR0AQKoDMoFRv.jpg
2025-07-11,The King's Speech,2010,https://boxd.it/dX0,3,,https://image.tmdb.org/t/p/w1280/6dyqfaPdeM5Z22ylw9ZTyjROBo7.jpg,https://image.tmdb.org/t/p/w500/pVNKXVQFukBaCz6ML7GH3kiPlQP.jpg
2025-07-11,Amores Perros,2000,https://boxd.it/2bfu,3.5,,https://image.tmdb.org/t/p/w1280/if0AhFmuovmrwfbVvCv7q8ASLz1.jpg,https://image.tmdb.org/t/p/w500/A4lH22nlFF7MdalGfcvSrlC1ttt.jpg
2025-07-11,Jaws,1975,https://boxd.it/2a5e,4,,https://image.tmdb.org/t/p/w1280/i1yf91svRHX45l9BXL8rVFzLoPH.jpg,https://image.tmdb.org/t/p/w500/tjbLSFwi0I3phZwh8zoHWNfbsEp.jpg
2025-07-11,Edward Scissorhands,1990,https://boxd.it/2aZc,4,,https://image.tmdb.org/t/p/w1280/uNLIMPxknsV4n3IAEDpS1iqF5dm.jpg,https://image.tmdb.org/t/p/w500/e0FqKFvGPdQNWG8tF9cZBtev9Em.jpg
2025-07-11,Chicago,2002,https://boxd.it/28zm,3,,https://image.tmdb.org/t/p/w1280/jkyqFgqmZlH5vSURckq0GgsewOY.jpg,https://image.tmdb.org/t/p/w500/3ED8cWCXY9zkx77Sd0N5qMbsdDP.jpg
2025-07-11,The Revenant,2015,https://boxd.it/8H5e,3.5,,https://image.tmdb.org/t/p/w1280/mNQtUJv1F3u0uSKILFrGjIHqkxx.jpg,https://image.tmdb.org/t/p/w500/ji3ecJphATlVgWNY0B0RVXZizdf.jpg
2025-07-11,Pierrot le Fou,1965,https://boxd.it/26j2,4.5,,https://image.tmdb.org/t/p/w1280/4zJ9w3lZcZI3mBXcNiq6s8bqpDO.jpg,https://image.tmdb.org/t/p/w500/i124H6iQB4CawrgFW9aZaZs7OBO.jpg
2025-07-11,Snow White and the Seven Dwarfs,1937,https://boxd.it/2arO,3,,https://image.tmdb.org/t/p/w1280/5Zmo0yemXM50ozqMNhGiGhkZ8p7.jpg,https://image.tmdb.org/t/p/w500/3VAHfuNb6Z7UiW12iYKANSPBl8m.jpg
2025-07-11,The Addams Family,1991,https://boxd.it/267g,3,,https://image.tmdb.org/t/p/w1280/7OxGhxUYAdtuike29VMzEFxJx7y.jpg,https://image.tmdb.org/t/p/w500/qFf8anju5f2epI0my8RdwwIXFIP.jpg
2025-07-11,Persona,1966,https://boxd.it/29B4,4.5,,https://image.tmdb.org/t/p/w1280/sj2aZDetPE8RoOCAm5QJitCNfLr.jpg,https://image.tmdb.org/t/p/w500/v2KsLNChpT6vLf0YFhkJmAtGkNq.jpg
2025-07-11,"Monsters, Inc.",2001,https://boxd.it/2a46,3.5,,https://image.tmdb.org/t/p/w1280/sDTnMOJ3H5wI38OxObmCtK7wfd5.jpg,https://image.tmdb.org/t/p/w500/wFSpyMsp7H0ttERbxY7Trlv8xry.jpg
2025-07-11,"The Good, the Bad and the Ugly",1966,https://boxd.it/2ape,4,,https://image.tmdb.org/t/p/w1280/Adrip2Jqzw56KeuV2nAxucKMNXA.jpg,https://image.tmdb.org/t/p/w500/bX2xnavhMYjWDoZp1VM6VnU1xwe.jpg
2025-07-11,Cinderella,1950,https://boxd.it/1Uki,3,,https://image.tmdb.org/t/p/w1280/puJKgNcWaGgMk5VHanSSomUTpmw.jpg,https://image.tmdb.org/t/p/w500/4nssBcQUBadCTBjrAkX46mVEKts.jpg
2025-07-11,The Pianist,2002,https://boxd.it/2aqc,4.5,,https://image.tmdb.org/t/p/w1280/1XqIhsqnAozznGhxlGdI0GPcCro.jpg,https://image.tmdb.org/t/p/w500/2hFvxCCWrTmCYwfy7yum0GKRi3Y.jpg
2025-07-11,The Tale of The Princess Kaguya,2013,https://boxd.it/4JQI,4,,https://image.tmdb.org/t/p/w1280/pd5XhYvffLih1ijLAPUcqKKpe1Q.jpg,https://image.tmdb.org/t/p/w500/mWRQNlWXYYfd2z4FRm99MsgHgiA.jpg
2025-07-11,Who Framed Roger Rabbit,1988,https://boxd.it/29ry,3,,https://image.tmdb.org/t/p/w1280/udIE8Cdon9wnYmVIOFYrBPfA2Mq.jpg,https://image.tmdb.org/t/p/w500/lYfRc57Kx9VgLZ48iulu0HKnM15.jpg
2025-07-11,Shoplifters,2018,https://boxd.it/ifY6,4,,https://image.tmdb.org/t/p/w1280/Z1JeznJExodyj0iUbL1wgkts88.jpg,https://image.tmdb.org/t/p/w500/4nfRUOv3LX5zLn98WS1WqVBk9E9.jpg
2025-07-11,Full Metal Jacket,1987,https://boxd.it/2a1Q,4,,https://image.tmdb.org/t/p/w1280/3k2TRmqMjgt7tcwkYwZQdctnty3.jpg,https://image.tmdb.org/t/p/w500/kMKyx1k8hWWscYFnPbnxxN4Eqo4.jpg
2025-07-11,The Big Short,2015,https://boxd.it/ajZw,3,,https://image.tmdb.org/t/p/w1280/l2Lqkfjq1k5pG2gZXD4qSiyrJ0.jpg,https://image.tmdb.org/t/p/w500/scVEaJEwP8zUix8vgmMoJJ9Nq0w.jpg
2025-07-11,Birdman or (The Unexpected Virtue of Ignorance),2014,https://boxd.it/5RFA,4,,https://image.tmdb.org/t/p/w1280/pDqwUJJSaHIv2sxyRYfmYBFeU9C.jpg,https://image.tmdb.org/t/p/w500/rHUg2AuIuLSIYMYFgavVwqt1jtc.jpg
2025-07-11,Into the Wild,2007,https://boxd.it/22m2,3.5,,https://image.tmdb.org/t/p/w1280/87tmTU1NSR5EUGTKsF5rhLwZtZc.jpg,https://image.tmdb.org/t/p/w500/jnLnLYP5pGDfri04gxtAqAvkHMw.jpg
2025-07-11,Willy Wonka & the Chocolate Factory,1971,https://boxd.it/2aLu,3,,https://image.tmdb.org/t/p/w1280/aAL7kV0l3yZtbCFs7J8m4gXldqR.jpg,https://image.tmdb.org/t/p/w500/vmpsZkrs4Uvkp9r1atL8B3frA63.jpg
2025-07-11,Fantastic Mr. Fox,2009,https://boxd.it/1WyQ,4,,https://image.tmdb.org/t/p/w1280/6Ck3N7sVGJJ2cLr3yKWR2dBgLjs.jpg,https://image.tmdb.org/t/p/w500/euZyZb6iGreujYKrGyZHRddhUYh.jpg
2025-07-11,Lady and the Tramp,1955,https://boxd.it/1Wv8,4,,https://image.tmdb.org/t/p/w1280/yGgEg4yimYQJLZrZg3Qhogp2raQ.jpg,https://image.tmdb.org/t/p/w500/340NcWz9SQXWQyf4oicMxjbrLOb.jpg
2025-07-11,A Bug's Life,1998,https://boxd.it/1Yyy,2.5,,https://image.tmdb.org/t/p/w1280/hwwFyowfcbLRVmRBOkvnABBNIOs.jpg,https://image.tmdb.org/t/p/w500/Ah3J9OJVc2CNCuH2zMydXy9fmIC.jpg
2025-07-11,Scott Pilgrim vs. the World,2010,https://boxd.it/1Aq6,3,,https://image.tmdb.org/t/p/w1280/rUAZnGMgISkZYJU8o7kuSNj3mPl.jpg,https://image.tmdb.org/t/p/w500/g5IoYeudx9XBEfwNL0fHvSckLBz.jpg
2025-07-11,The Vanishing,1988,https://boxd.it/1ZTW,3.5,,https://image.tmdb.org/t/p/w1280/gcXbxHjkUwLV4HrE2oJcbP7UGTA.jpg,https://image.tmdb.org/t/p/w500/eE5bbuRJluooG2MjEAsLEYyuJoa.jpg
2025-07-11,Brokeback Mountain,2005,https://boxd.it/2b2q,3,,https://image.tmdb.org/t/p/w1280/vXzqV2RtJlT9WhNEM4NYWCEC6ZI.jpg,https://image.tmdb.org/t/p/w500/aByfQOQBNa4CMFwIgq3QrqY2ZHh.jpg
2025-07-11,Monty Python and the Holy Grail,1975,https://boxd.it/29GI,3.5,,https://image.tmdb.org/t/p/w1280/1KgXxv6tHXOnakqYvMPvFwYKWiw.jpg,https://image.tmdb.org/t/p/w500/7nTkHjETdGMYK1phHwDbPsrzbYl.jpg
2025-07-11,Jumanji,1995,https://boxd.it/1ZLI,3,,https://image.tmdb.org/t/p/w1280/qSxeCfWUUyht9hZgaaYmtPtTkw2.jpg,https://image.tmdb.org/t/p/w500/vgpXmVaVyUL7GGiDeiK1mKEKzcX.jpg
2025-07-11,Being John Malkovich,1999,https://boxd.it/2ahu,3.5,,https://image.tmdb.org/t/p/w1280/1Nyjb7aeRKynWgmOl8he5ZcvWLm.jpg,https://image.tmdb.org/t/p/w500/vKVUsumbCzK5Kn3aDpKM4EizKCA.jpg
2025-07-11,Mary and Max,2009,https://boxd.it/1y2m,3.5,,https://image.tmdb.org/t/p/w1280/pW1sEV4R2GL99OoUq73Pvf7r7Ce.jpg,https://image.tmdb.org/t/p/w500/ebmsM382m9IClLUzKYY2U5biFwM.jpg
2025-07-11,Mamma Mia!,2008,https://boxd.it/1Tnq,2.5,,https://image.tmdb.org/t/p/w1280/dlanV9JhkzXsHfYrBFdXbdNiBAz.jpg,https://image.tmdb.org/t/p/w500/zdUA4FNHbXPadzVOJiU0Rgn6cHR.jpg
2025-07-11,Fallen Angels,1995,https://boxd.it/1UkW,4,,https://image.tmdb.org/t/p/w1280/v4FepSc09TsRy2fQtUg6vvzrTq0.jpg,https://image.tmdb.org/t/p/w500/yyM9BPdwttK5LKZSLvHae7QPKo1.jpg
2025-07-16,My Cousin Vinny,1992,https://boxd.it/1WpO,4,"Imagine you're a deer. You're prancing along, you get thirsty, you spot a little brook, you put your little deer lips down to the cool clear water. BAM! A fucking bullet rips off part of your head! Your brains are laying on the ground in little bloody pieces! Now I ask ya. Would you give a fuck what kind of pants the son of a bitch who shot you was wearing?",https://image.tmdb.org/t/p/w1280/uEoaOfvWibpvjBNxFoj4MxWn0OH.jpg,https://image.tmdb.org/t/p/w500/iwSURa8nS2ujwrU3s1lfxxX7voH.jpg
2025-08-15,Lucy,2014,https://boxd.it/75hu,2,,https://image.tmdb.org/t/p/w1280/ozVwXlfxqNsariipatGwa5px3Pm.jpg,https://image.tmdb.org/t/p/w500/kRbpUTRNm6QbLQFPFWUcNC4czEm.jpg
2025-08-15,Subservience,2024,https://boxd.it/EgxO,2.5,,https://image.tmdb.org/t/p/w1280/co7oxvpWxgd6FZU24DnljDDHYQA.jpg,https://image.tmdb.org/t/p/w500/gBenxR01Uy0Ev9RTIw6dVBPoyQU.jpg
2025-08-15,Companion,2025,https://boxd.it/F04o,2.5,,https://image.tmdb.org/t/p/w1280/cZnJ3ABPvsWGqwPcu06Eda493F9.jpg,https://image.tmdb.org/t/p/w500/oCoTgC3UyWGfyQ9thE10ulWR7bn.jpg
2025-08-15,Final Destination Bloodlines,2025,https://boxd.it/l5y4,3,,https://image.tmdb.org/t/p/w1280/uIpJPDNFoeX0TVml9smPrs9KUVx.jpg,https://image.tmdb.org/t/p/w500/6WxhEvFsauuACfv8HyoVX6mZKFj.jpg
2025-08-15,28 Years Later,2025,https://boxd.it/FEGM,3.5,,https://image.tmdb.org/t/p/w1280/6WqqEjiycNvDLjbEClM1zCwIbDD.jpg,https://image.tmdb.org/t/p/w500/n5FygjEppOvac6yEaowi26nTyw3.jpg
2025-08-15,Late Night with the Devil,2023,https://boxd.it/zo6G,3,,https://image.tmdb.org/t/p/w1280/umyOinNa6vqqnqoVc9QqzyaapUz.jpg,https://image.tmdb.org/t/p/w500/mu8LRWT9GHkfiyHm7kgxT6YNvMW.jpg
2025-08-15,The Talented Mr. Ripley,1999,https://boxd.it/2924,4,"Now I think I’ve upset you. Sorry. My English, perhaps, is coarse. It is a little coarse, heh, yes.
no-one ever thinks that they're a bad person
I always thought it'd be better to be a fake somebody than a real nobody",,https://image.tmdb.org/t/p/w500/6ojHgqtIR41O2qLKa7LFUVj0cZa.jpg
2025-08-15,Match Point,2005,https://boxd.it/2b6s,3,,https://image.tmdb.org/t/p/w1280/yUJf20GQ5vifhk9QDxUGotAEaLz.jpg,https://image.tmdb.org/t/p/w500/vHjEVTD8ucuwKSFOZJeyAnTZYli.jpg
2025-08-15,Perfume: The Story of a Murderer,2006,https://boxd.it/28LW,3,,https://image.tmdb.org/t/p/w1280/kvdy0Ijjo2r9qsnWV4Dzx07qwnc.jpg,https://image.tmdb.org/t/p/w500/2wrFrUej8ri5EpjgIkjKTAnr686.jpg
2025-09-25,Dying for Sex,2025,https://boxd.it/U7GO,4.5,,https://image.tmdb.org/t/p/w1280/bVgcsQddGZ71kTXGrFJOn1fDEZj.jpg,https://image.tmdb.org/t/p/w500/xaKb3cTh8mT6fgLSXuqo4JoS0dU.jpg
2025-09-30,Weapons,2025,https://boxd.it/EMTM,3.5,,https://image.tmdb.org/t/p/w1280/9mKhhHBfIAWy9TNVHAXqMEFokes.jpg,https://image.tmdb.org/t/p/w500/cpf7vsRZ0MYRQcnLWteD5jK9ymT.jpg
2025-09-30,Sinners,2025,https://boxd.it/KQMM,3.5,,https://image.tmdb.org/t/p/w1280/7dQTILcUKw8chDiLj8TgPXxRuED.jpg,https://image.tmdb.org/t/p/w500/qTvFWCGeGXgBRaINLY1zqgTPSpn.jpg
2025-09-30,Barbarian,2022,https://boxd.it/yohi,3,,https://image.tmdb.org/t/p/w1280/b5Sq1p2qnLNlaU9XOwjNNdbWmkP.jpg,https://image.tmdb.org/t/p/w500/idT5mnqPcJgSkvpDX7pJffBzdVH.jpg
2025-10-20,Rise of the Planet of the Apes,2011,https://boxd.it/cS4,3.5,Caeser is home,https://image.tmdb.org/t/p/w1280/6cCF0KMUO2QmrVsQFujkQduREXX.jpg,https://image.tmdb.org/t/p/w500/oqA45qMyyo1TtrnVEBKxqmTPhbN.jpg
2025-10-24,Dawn of the Planet of the Apes,2014,https://boxd.it/3XyQ,3,How to business,https://image.tmdb.org/t/p/w1280/3SozaNPOYUadcmTPgndDibMyDNC.jpg,https://image.tmdb.org/t/p/w500/kScdQEwS9jPEdnO23XjGAtaoRcT.jpg
2025-10-24,War for the Planet of the Apes,2017,https://boxd.it/8FE2,3,bolder than avg horror films,https://image.tmdb.org/t/p/w1280/ulMscezy9YX0bhknvJbZoUgQxO5.jpg,https://image.tmdb.org/t/p/w500/mMA1qhBFgZX8O36qPPTC016kQl1.jpg
2025-10-24,Saw,2004,https://boxd.it/2aWW,3.5,,https://image.tmdb.org/t/p/w1280/ok4ot3YbfDYZcINXf91JUfq3maB.jpg,https://image.tmdb.org/t/p/w500/rLNSOudrayDBo1uqXjrhxcjODIC.jpg
2025-10-24,Saw III,2006,https://boxd.it/2aRC,2,,https://image.tmdb.org/t/p/w1280/qx8Pb3nVnHLBizI9792pbRN5nnm.jpg,https://image.tmdb.org/t/p/w500/4iO9n24Rb10peXV0JH2EldIOrAp.jpg
2025-10-24,Saw II,2005,https://boxd.it/2aRs,2,,https://image.tmdb.org/t/p/w1280/bAzpfmgq2Lo32kebVfikrDv1Vpf.jpg,https://image.tmdb.org/t/p/w500/gTnaTysN8HsvVQqTRUh8m35mmUA.jpg
2025-10-24,Saw IV,2007,https://boxd.it/29Sa,2,,https://image.tmdb.org/t/p/w1280/3lrNJ5jNqKq9UpQrXo8FNFzyoE4.jpg,https://image.tmdb.org/t/p/w500/ku1QdCXOU4ckz3zxLLlis8MIJVm.jpg
2025-10-24,Saw V,2008,https://boxd.it/1SMa,2,,https://image.tmdb.org/t/p/w1280/2ZaBX3ZgK95a8xs6BTCCthDAd3k.jpg,https://image.tmdb.org/t/p/w500/rKl79KqLXg60KFyKsLe4wSSjQ08.jpg
2025-10-24,Saw VI,2009,https://boxd.it/1A2y,2.5,,https://image.tmdb.org/t/p/w1280/gqR59DjJGr6i8mxRD1VfOzCueTI.jpg,https://image.tmdb.org/t/p/w500/sw9DItSlnxJZ0ClNTAzrJFyZbVS.jpg
2025-10-24,Highest 2 Lowest,2025,https://boxd.it/LcIC,3.5,,https://image.tmdb.org/t/p/w1280/94KROr9xO9u5Tq5gTdCJlVRRfhm.jpg,https://image.tmdb.org/t/p/w500/kOzwIr0R7WhaFgoYUZFLPZA2RBZ.jpg
2025-11-10,Eden,2024,https://boxd.it/Dt52,3,A baroness true story.,https://image.tmdb.org/t/p/w1280/rz8NcfTRczvn94vpnmMx42zt6EC.jpg,https://image.tmdb.org/t/p/w500/jbFEESMVbpJU8IjZBjiWGJdEsxR.jpg
2025-11-12,Single White Female,1992,https://boxd.it/1Yg0,3,,https://image.tmdb.org/t/p/w1280/yZIfHR7LM1z97CmRXWf6xGTBME3.jpg,https://image.tmdb.org/t/p/w500/2B6spN9XvzbK9hKDQtvTa4wVoys.jpg
2025-11-12,The Hand That Rocks the Cradle,1992,https://boxd.it/1UFK,3,,https://image.tmdb.org/t/p/w1280/41gxQ4hQiSuHFreKJybATwhKtp8.jpg,https://image.tmdb.org/t/p/w500/1fBnyO3SbNBplck45js6O4pQaLw.jpg
2025-11-13,Malice,1993,https://boxd.it/276o,3,,https://image.tmdb.org/t/p/w1280/oBFoH4TozWBAxkHMBsQBBK5ONd8.jpg,https://image.tmdb.org/t/p/w500/6kcjUrhvHrXSLDLQHvcOvJmLSqs.jpg
2025-12-10,Pet Sematary,1989,https://boxd.it/1ZBy,2,,https://image.tmdb.org/t/p/w1280/xWq3T9P4NU2pTdZ3hXFygsNnAq4.jpg,https://image.tmdb.org/t/p/w500/a1gIACZb04bL8EvLqMpofW2Eqeo.jpg
2025-12-10,It,2017,https://boxd.it/bC8e,3,,https://image.tmdb.org/t/p/w1280/tcheoA2nPATCm2vvXw2hVQoaEFD.jpg,https://image.tmdb.org/t/p/w500/9E2y5Q7WlCVNEhP5GiVTjhEhx1o.jpg
2025-12-10,It,1990,https://boxd.it/26tG,3.5,,https://image.tmdb.org/t/p/w1280/g1xaIqVQuE1DILjnfrT3Lm6FXxH.jpg,https://image.tmdb.org/t/p/w500/9yZaH3bmvrN5EQktVZouaRTGKgQ.jpg
2025-12-11,The Mist,2007,https://boxd.it/22r2,4,,https://image.tmdb.org/t/p/w1280/76J14zgwVWyOciri7X7F3DGP3TA.jpg,https://image.tmdb.org/t/p/w500/1CvJ6diBACKPVGOpcWuY4XPQdqX.jpg
2025-12-11,Smile,2022,https://boxd.it/xjfE,3.5,,https://image.tmdb.org/t/p/w1280/kMZIMqEXO5MFd5Y1Ha2jZZF4pvF.jpg,https://image.tmdb.org/t/p/w500/aPqcQwu4VGEewPhagWNncDbJ9Xp.jpg
2025-12-11,Paranormal Activity,2007,https://boxd.it/1yIM,2.5,,https://image.tmdb.org/t/p/w1280/wfCdJ0MD1hYJzlaHulolNw5pYtR.jpg,https://image.tmdb.org/t/p/w500/tmclkEpjeo4Zu564gf3KrwIOuKw.jpg
2025-12-12,Green Room,2015,https://boxd.it/a75m,3.5,,https://image.tmdb.org/t/p/w1280/qRjahAq8JVoJBT2x18x2A01kxZT.jpg,https://image.tmdb.org/t/p/w500/evZicaR7nXe4LiD9G6QYTorcJGO.jpg
2025-12-12,Panic Room,2002,https://boxd.it/2490,3.5,,https://image.tmdb.org/t/p/w1280/9G5bteYI8FXaY9EomnUP0kdHm66.jpg,https://image.tmdb.org/t/p/w500/hANYbvfwxmkC9E4yY6YyJxYxlSJ.jpg
2025-12-12,Misery,1990,https://boxd.it/28gY,3,,https://image.tmdb.org/t/p/w1280/cgo3OmF84touDrrLkQ1DQ3MRFyO.jpg,https://image.tmdb.org/t/p/w500/klPO5oh1LOxiPpdDXZo1ADgpKcw.jpg
2025-12-11,Pontypool,2008,https://boxd.it/1yBw,4,"Don’t try to understand its meaning, mining, moaning",https://image.tmdb.org/t/p/w1280/yxBmRVQ2Sa6P5Acqu3Ts32QudZC.jpg,https://image.tmdb.org/t/p/w500/uh4n9FSYYaeOWchP8gBPNtg7kD7.jpg
2025-12-12,Hereditary,2018,https://boxd.it/hNVe,3.5,,https://image.tmdb.org/t/p/w1280/gJbTXKNTL6O7r7PzF6ZRkJGBlPp.jpg,https://image.tmdb.org/t/p/w500/hjlZSXM86wJrfCv5VKfR5DI2VeU.jpg
2025-12-12,"As I Was Moving Ahead, Occasionally I Saw Brief Glimpses of Beauty",2000,https://boxd.it/4gcu,4,,https://image.tmdb.org/t/p/w1280/68Qic4gQ6YGoQdDyYxEhufJCunI.jpg,https://image.tmdb.org/t/p/w500/tDaxB5juEGwXD7oZwh8IXsnisar.jpg
2025-12-12,Apocalypse Now,1979,https://boxd.it/6ZS,4,,https://image.tmdb.org/t/p/w1280/eN5G8vTWLnZxJ0LTd4g27oPObcZ.jpg,https://image.tmdb.org/t/p/w500/gQB8Y5RCMkv2zwzFHbUJX3kAhvA.jpg
2025-12-12,Dancer in the Dark,2000,https://boxd.it/71E,4,,https://image.tmdb.org/t/p/w1280/vxvzf0cGtFY2Vpw5ULWumCIW6Ri.jpg,https://image.tmdb.org/t/p/w500/pWzOfTJRZHPNO1VNrMnNFqRcJwg.jpg
2025-12-12,Dogville,2003,https://boxd.it/2a8W,3.5,,https://image.tmdb.org/t/p/w1280/r3xsFBD1VTUusk393bBc7SsDUJe.jpg,https://image.tmdb.org/t/p/w500/lraVawavIXh5geMlVjpzCw9TGwR.jpg
2025-12-12,Holy Motors,2012,https://boxd.it/3wai,3.5,,https://image.tmdb.org/t/p/w1280/dCuwNZp2DLOWr8qV0GDBHINhVZM.jpg,https://image.tmdb.org/t/p/w500/4ZuTrrDQhCS9f6KzIX6HfsjjyMd.jpg
2025-12-12,Crash,1996,https://boxd.it/29n2,4,,https://image.tmdb.org/t/p/w1280/vQNknPEVSAui6IL6eUlDBPfUzcW.jpg,https://image.tmdb.org/t/p/w500/gpai5oUFyFGLHOCsYTvVMqlbY7A.jpg
2025-12-12,Talk to Her,2002,https://boxd.it/2beG,3.5,,https://image.tmdb.org/t/p/w1280/9aCRXFWT1rd1nZDcEtWILKb2Sap.jpg,https://image.tmdb.org/t/p/w500/fWDbQlOWOqjR5jZm98KjGyYmUOw.jpg
2025-12-12,Dawn of the Dead,1978,https://boxd.it/29gU,4,,https://image.tmdb.org/t/p/w1280/9OKzKuCfcMwpHVp56pjNI7J4xXR.jpg,https://image.tmdb.org/t/p/w500/70MY8H0bLMvXf8ED2SgVMPhDVVM.jpg
2025-12-12,Night of the Living Dead,1968,https://boxd.it/1WwA,4,,https://image.tmdb.org/t/p/w1280/5KtmBSqFtHY3I9t8lgH27Mc0bqY.jpg,https://image.tmdb.org/t/p/w500/rb2NWyb008u1EcKCOyXs2Nmj0ra.jpg
2025-12-12,[REC],2007,https://boxd.it/20ma,3.5,,https://image.tmdb.org/t/p/w1280/xfrguTH6maYiGsC8FXiQ9N3lZXw.jpg,https://image.tmdb.org/t/p/w500/hgyJR4sgMsee6xMFM3xYiG6cDCh.jpg
2025-12-13,The Invitation,2015,https://boxd.it/9OUU,3,"Im sorry, I’m busy",https://image.tmdb.org/t/p/w1280/UT0FaX3djSmvphvDopomPNWXIQ.jpg,https://image.tmdb.org/t/p/w500/otZMaGHWnKPgOODF6SSVNGqbI4X.jpg
2025-12-24,Doctor Sleep,2019,https://boxd.it/i5vI,3,,https://image.tmdb.org/t/p/w1280/gKk8Bg4qpHfniAJC3phzCZpkaIg.jpg,https://image.tmdb.org/t/p/w500/p69QzIBbN06aTYqRRiCOY1emNBh.jpg
2025-12-24,Salem's Lot,1979,https://boxd.it/1U58,3,,https://image.tmdb.org/t/p/w1280/jmQLlm9OMQKoQUmyMZoszaiqp9q.jpg,https://image.tmdb.org/t/p/w500/yaztNZUErjSmrVsuXEZiuIVyVj2.jpg
2025-12-24,Bring Her Back,2025,https://boxd.it/Hxlc,3.5,,https://image.tmdb.org/t/p/w1280/2IIKts2A9vnUdM9tTC76B8tDmuZ.jpg,https://image.tmdb.org/t/p/w500/1Q3GlCXGYWELifxANYZ5OVMRVZl.jpg
2025-12-24,Nosferatu,1922,https://boxd.it/29TM,3.5,,https://image.tmdb.org/t/p/w1280/u06SympEEMb7pLhR9W3tvydHT9L.jpg,https://image.tmdb.org/t/p/w500/zv7J85D8CC9qYagAEhPM63CIG6j.jpg
2025-12-24,Un Chien Andalou,1929,https://boxd.it/29Y8,4,,https://image.tmdb.org/t/p/w1280/jQywhaFDVLPlFw864Bgw5eNtWfi.jpg,https://image.tmdb.org/t/p/w500/obvE7ElAvCUhKtWFwDSvNbPw9PV.jpg
2025-12-24,X,2022,https://boxd.it/sxVa,3.5,,https://image.tmdb.org/t/p/w1280/70Rm9ItxKuEKN8iu6rNjfwAYUCJ.jpg,https://image.tmdb.org/t/p/w500/lopZSVtXzhFY603E9OqF7O1YKsh.jpg
2025-12-24,The Blair Witch Project,1999,https://boxd.it/26ua,3.5,,https://image.tmdb.org/t/p/w1280/ghPJw3XfhELokIf6V5QL0VpsXtK.jpg,https://image.tmdb.org/t/p/w500/9050VGrYjYrEjpOvDZVAngLbg1f.jpg
2025-12-24,The Descent,2005,https://boxd.it/1YNy,3.5,,https://image.tmdb.org/t/p/w1280/yERDHEaOezMqsRXhrulS9t6sAqC.jpg,https://image.tmdb.org/t/p/w500/mxFPI4KYBk5ri9cPteIS8jiDFgj.jpg
2025-12-24,From Dusk Till Dawn,1996,https://boxd.it/29HQ,3.5,,https://image.tmdb.org/t/p/w1280/9JcMUzQy9gPqDmJJGH3AcL145mv.jpg,https://image.tmdb.org/t/p/w500/sV3kIAmvJ9tPz4Lq5fuf9LLMxte.jpg
2025-12-24,Devil,2010,https://boxd.it/SX6,3,,https://image.tmdb.org/t/p/w1280/yuGyks7DE9NrRfguRWYomN4KNcm.jpg,https://image.tmdb.org/t/p/w500/aivXPSi53H95BoUa5njEYso389s.jpg
2025-12-24,The Ring,2002,https://boxd.it/2a70,3,,https://image.tmdb.org/t/p/w1280/6tuNQ16hC4Qp7wjTweKzUnnLBkI.jpg,https://image.tmdb.org/t/p/w500/AeRpUynJKDpJveklBJipOYrVxCS.jpg
2025-12-24,Gerald's Game,2017,https://boxd.it/buKa,3,,https://image.tmdb.org/t/p/w1280/t9HChjSJi8B1PXSVh5Ec3pcDsAM.jpg,https://image.tmdb.org/t/p/w500/32dippiypDdaKv7XFEfUlQ7kPup.jpg
2025-12-29,One Battle After Another,2025,https://boxd.it/DUHM,4,,https://image.tmdb.org/t/p/w1280/si68lkhkMfIospVeLEBtl7HWKDh.jpg,https://image.tmdb.org/t/p/w500/m1jFoahEbeQXtx4zArT2FKdbNIj.jpg
2025-12-29,Licorice Pizza,2021,https://boxd.it/qTKY,3.5,,https://image.tmdb.org/t/p/w1280/fkn5KBUUKxbG7MjOs9poAOAik40.jpg,https://image.tmdb.org/t/p/w500/ivXtvzfliGvoJ1DhSHIGyYBToWe.jpg
2025-12-29,Boogie Nights,1997,https://boxd.it/23um,4,,https://image.tmdb.org/t/p/w1280/ArpTzQZHWh4UVsgUvV6S7WjTq1n.jpg,https://image.tmdb.org/t/p/w500/wnE24UPCPQsQnbBOu4zVE2qaDNm.jpg
2025-12-29,The Call,2013,https://boxd.it/4Xgu,3,,https://image.tmdb.org/t/p/w1280/9jih8et3fkd0Zdo4NHf3cnPj05Z.jpg,https://image.tmdb.org/t/p/w500/mG334OlDVJpD8gMfTCM2Mpp0gQH.jpg
2025-12-29,Dial M for Murder,1954,https://boxd.it/2adW,4,,https://image.tmdb.org/t/p/w1280/gTsiagZaMjJxr6Q12KfOfC556d6.jpg,https://image.tmdb.org/t/p/w500/4KKiFDvtEusJzqzlwHp7iMceXKS.jpg
2025-12-29,Buried,2010,https://boxd.it/1tXC,3,,https://image.tmdb.org/t/p/w1280/ju2i7Is6T4d6u4abdgXsHYkcg2d.jpg,https://image.tmdb.org/t/p/w500/splPNB0vAoNlb8l5WYxz2E3FK2G.jpg
2025-12-29,Insidious,2010,https://boxd.it/H4k,3,,https://image.tmdb.org/t/p/w1280/yZP6GyrgzdpjH1AxPHlb8ACLkiA.jpg,https://image.tmdb.org/t/p/w500/1egpmVXuXed58TH2UOnX1nATTrf.jpg
2025-12-30,Don't Breathe,2016,https://boxd.it/9yzw,3.5,,https://image.tmdb.org/t/p/w1280/3mIVOqDbYeucnw09TpjgHvSjXfu.jpg,https://image.tmdb.org/t/p/w500/dSxHyPZ2nipSfvdft4IhQKjk5eZ.jpg
2025-12-30,Don't Breathe 2,2021,https://boxd.it/hla0,2.5,,https://image.tmdb.org/t/p/w1280/3ULzK4XTSC1wal11K7459fxnjjA.jpg,https://image.tmdb.org/t/p/w500/aOu6PJVO9RyGAzdUwG6fupu0gpz.jpg
2025-12-31,The Village,2004,https://boxd.it/21iS,2,,https://image.tmdb.org/t/p/w1280/lxwCRTWWfCisuarrFFUhW43eBnW.jpg,https://image.tmdb.org/t/p/w500/v7UvYtKfIVaHLaHwVgfalyrK7Ho.jpg
2026-01-05,Concrete Utopia,2023,https://boxd.it/rnf2,3,,https://image.tmdb.org/t/p/w1280/57Nn5HRpMiDY2ODKSI4VAOiuyJg.jpg,https://image.tmdb.org/t/p/w500/4l68KHxnPSow8MvnGUpjqLzJtLJ.jpg
2026-01-05,It Comes at Night,2017,https://boxd.it/eLuk,2,"yeah, what comes at night?",https://image.tmdb.org/t/p/w1280/6h9pjTsWzaUWuUszHHbeI1JWE1.jpg,https://image.tmdb.org/t/p/w500/rNKJpFMlOZn5zkzBPZxEJrQn5Km.jpg
2026-01-07,Prisoners,2013,https://boxd.it/4E5i,4,,https://image.tmdb.org/t/p/w1280/n1ItmvzsDV5yLgDodSCLZpFlsP6.jpg,https://image.tmdb.org/t/p/w500/jsS3a3ep2KyBVmmiwaz3LvK49b1.jpg
2026-01-07,Nightcrawler,2014,https://boxd.it/780m,4,,https://image.tmdb.org/t/p/w1280/bdI6U1mT0kCdTJ6TWtiFxQ42GSn.jpg,https://image.tmdb.org/t/p/w500/j9HrX8f7GbZQm1BrBiR40uFQZSb.jpg
2026-01-08,The Purge,2013,https://boxd.it/4Xg0,3.5,,https://image.tmdb.org/t/p/w1280/9J3HHP3kQ5ZStyirJyWPWtvvrHY.jpg,https://image.tmdb.org/t/p/w500/46X1ei9uf13nkkr0OhWldGyr5Uh.jpg
2026-01-26,Oxygen,2021,https://boxd.it/gU16,3,,https://image.tmdb.org/t/p/w1280/jedggylU3FyIN7XRAl9WY8mrT6H.jpg,https://image.tmdb.org/t/p/w500/u74DFoZGTcZ8cuHO8nvQkCqXEVP.jpg
2026-01-27,The Black Phone,2021,https://boxd.it/sqFE,2.5,,https://m.media-amazon.com/images/M/MV5BNjQ0NWQ4MTctMTZkNi00NzI5LWFhYjEtYTk0Yzg3MzNkOTZmXkEyXkFqcGc@._V1_.jpg,https://image.tmdb.org/t/p/w500/p9ZUzCyy9wRTDuuQexkQ78R2BgF.jpg
2026-01-27,Black Phone 2,2025,https://boxd.it/JpbW,3.5,You think it's hot that I talk to Jesus?,https://m.media-amazon.com/images/M/MV5BMjcyNDY1MTQtMTkzYy00ZjRlLWI3NTctMTFjNmE0YTQ4NWFmXkEyXkFqcGc@._V1_.jpg,https://image.tmdb.org/t/p/w500/gFddBLQ8wj9M9O82iPzgX5KVNHz.jpg
2026-01-27,Four Rooms,1995,https://letterboxd.com/ritsaptcs/film/four-rooms/,3,,https://image.tmdb.org/t/p/w1280/c1BaOxC8bo5ACFYkYYxL0bBWRaq.jpg,https://image.tmdb.org/t/p/w500/75aHn1NOYXh4M7L5shoeQ6NGykP.jpg
2026-01-27,Scarface,1983,https://letterboxd.com/ritsaptcs/film/scarface-1983/,3.5,,https://image.tmdb.org/t/p/w1280/sctvs9cUwJD15qlTlrsh2BXsK75.jpg,https://image.tmdb.org/t/p/w500/iQ5ztdjvteGeboxtmRdXEChJOHh.jpg